transaction_id,transaction_date,seller_id,amount_eur
11c54a2e-6036-42e8-bfc0-3624ac65a74c,2025-06-11,u8,2592.92
a1476ab3-86cf-45e4-8206-c3ecf07baeaf,2026-04-10,u3,2683.38
2eca9762-34db-4852-9af5-78e049050851,2025-01-22,u1,8864.86
49d76709-c4b6-4778-971a-3916a4febd09,2023-11-14,u3,5826.42
629f394e-092e-4994-aaa6-2f295f8d7be0,2024-12-12,u9,9969.75
43324c7d-e0f0-43c1-9872-034df441df36,2025-03-12,u2,9899.3
3a0b4534-00b0-45d2-959d-7035302f36d3,2025-02-19,u1,6157.46
cf028e20-f7a7-4965-94a1-c6b7c1d88396,2023-04-04,u3,6148.74
4e9a3d57-9e59-43cf-ad89-c23fdbae395e,2025-12-25,u4,8095.44
183642a7-8eba-4956-bc8c-e147a92e3868,2024-08-21,u8,2223.03
beea5690-8586-4b0a-8882-9c23865fad06,2023-10-03,u6,8941.62
a33031ae-42d0-4deb-9557-f550eed48b6f,2026-05-06,u4,1779.28
1720be01-ba65-462d-8a88-d1437976a3d9,2023-03-01,u5,7534.59
7a06b827-42f2-4ffc-86e9-2f03e233298d,2023-07-27,u7,9835.64
21bc3402-10f8-4d04-9325-9e49a4e004f6,2024-01-08,u0,6140.58
4e4a6af7-072e-4841-9a0c-ebd3161ee6f5,2023-07-17,u0,4068.29
4f7c58f8-25bf-4ccf-8aa0-f13e96715498,2026-04-07,u8,4101.19
a3a5bc5e-7b16-4ae4-834e-e637f1064909,2024-07-11,u5,6030.31
25488306-3ee2-490e-9913-5bf1e6e921d5,2023-02-07,u8,9696.66
e3389a68-7627-408f-9a7e-a2edc63c492f,2025-08-11,u2,4864.06
a8171aaf-85fa-47c5-b728-8db2bb5c0190,2023-12-12,u7,4447.1
79b382f9-76ad-4bad-99c3-f53463678b2a,2025-02-25,u6,7813.06
216dff8a-d4e3-4baa-9761-072fd14ab91e,2025-04-25,u2,1922.74
7b83ed4b-3b52-441b-a7f8-bf1b3fe795ad,2026-04-27,u4,2596.39
9f13b75c-c226-4acc-a391-9c7f9859129c,2024-07-10,u0,8928.54
496bd248-dbf2-4304-9365-fea15c434013,2026-04-03,u9,8651.21
77b7a201-4b56-4aca-b000-ad76aa49fbdc,2024-11-15,u7,8446.08
89a70d73-ca03-4ed2-ba37-d53988b50f69,2025-03-21,u4,726.21
8d3c1905-bade-4f65-b40f-579657150577,2024-09-13,u9,5667.16
0fb7511b-12ad-48ad-b1f3-a16b8d9209f9,2025-11-10,u9,8905.23
23425720-6496-482a-8f5b-fc6b5e806e65,2025-01-21,u5,5505.04
c3729219-5863-4255-b763-258bbdfe0e68,2024-10-17,u6,3727.96
d3177eab-9fd2-469b-80dc-36df033bcce2,2024-09-04,u3,4007.05
4fa87ca6-e7bc-4403-8b4c-288a4bf0f100,2024-05-20,u2,1074.19
ca36f843-3f44-41b3-9dcb-bfc6eddf4c50,2023-02-01,u2,5850.33
9d7663ba-9903-4611-bb9f-3124d838765d,2025-12-05,u7,4429.75
1b24f4ec-6dd5-4644-9072-effbede01102,2024-04-09,u8,5849.24
8f6e12ba-a268-4659-8431-65b171a82606,2024-10-31,u9,4744.79
2bb007f6-b814-41a2-be1d-57ced3caa003,2024-04-03,u7,531.56
ecf818d6-557e-47c0-b3d5-6aefde422548,2024-10-18,u4,462.37
90c406e9-9496-4995-9de6-fecf64558d1d,2024-11-20,u3,2117.47
c57c387d-3f84-4bda-818c-18ff023c5482,2025-01-21,u2,1755.13
c6488567-ae2d-4537-aba4-16c94ab1a37a,2024-02-29,u9,2521.21
f49edb2d-2be8-40eb-864a-d3852a3f87cf,2026-03-26,u5,1016.35
d16a9f75-e805-4e61-9c47-d3a567016b34,2026-01-01,u8,1198.24
7f08307b-f081-470d-ab6d-2ed3b2ec03e8,2023-12-26,u2,4106.02
7ce43bf4-b50c-476d-aa02-88312371f64e,2025-04-30,u1,9902.04
91755f14-ab55-4823-a57f-cefa2b38977b,2024-11-11,u3,958.12
29d29210-e226-4cbd-9aab-d465607a59a0,2024-04-12,u0,6899.95
36582bf8-171e-406e-ac31-fdb8cc8dd4e5,2024-01-09,u1,5078.2
0af093bf-e3a8-4b61-a30a-cfc8d6129a7c,2025-12-09,u1,4184.07
c7ac87ea-a46a-44aa-b95d-fdded743a4dd,2026-02-09,u6,4257.05
5b5d0b45-f660-4b53-8413-8d87725bb668,2023-12-15,u5,9353.54
30be6e65-8494-4738-acbd-cd9d42c6d3eb,2024-11-20,u7,6910.31
94c5d311-d59a-451b-a689-5f0f63fe8323,2024-08-23,u9,4008.61
9e66dba9-44ce-4ab9-8a53-70d6c7d0a468,2024-12-24,u0,7697.74
21ef1ad1-0cae-4ce9-9a47-b9c2416bfc11,2023-10-17,u8,3209.14
eebf2965-7850-462a-b6a5-6a4ae6fda051,2025-10-10,u6,9786.58
6349ed39-8110-4a46-89a2-56ea05acfa3d,2025-12-17,u3,7545.44
994be038-64b8-4de7-bf0d-11eb78f122ef,2023-09-11,u6,6220.16
29ffabab-4967-44d9-bcb6-6a1e0a8ec22e,2025-03-28,u8,5165.33
01e82f9e-fc80-4e16-a389-1af8199ee5ad,2025-01-17,u6,3699.33
540754a3-bc16-419f-b752-a9d0fd7ae244,2024-12-16,u0,7621.38
98eba5ed-6a34-42f7-8b30-40b990943333,2024-04-12,u1,2033.53
bfc31e43-3a01-4dde-a524-8f24bf909e12,2025-09-22,u9,1872.39
b4ae148d-53a1-4182-8bb8-166c6ecb80c8,2023-10-25,u5,5566.6
030c28c6-9a9f-4f06-857d-333ff0a6c057,2023-12-20,u6,9584.72
61a1fd43-12a7-483b-af7b-b00b80cf88e2,2025-11-06,u1,8415.52
f493b9fc-d3b4-4c36-a778-49f58326405a,2024-06-19,u4,1319.24
9b89a549-d327-4e2a-80cd-d7c535e999dd,2025-02-19,u7,2719.24
11a92d2e-767e-47c6-8f8a-2e3956434b59,2023-10-12,u9,3994.42
521d04d5-ebbd-4e1a-bd10-f22a62934b40,2025-04-25,u9,2900.16
94924fef-8ba2-4376-b5cb-66c1f27b0e82,2026-05-18,u2,2144.09
6fa85942-f6fd-457a-9adc-c173efc7df55,2023-07-14,u8,6931.72
c0328afa-625d-4e50-ab77-c7030b5e86cf,2024-11-13,u7,6654.86
ead84f48-5b22-4593-8652-e91a23bf3c6d,2025-05-14,u5,9593.11
ef90f0b9-02c9-4f03-81dc-3f853c5c4175,2023-03-06,u6,1995.13
fb57f85d-c04f-4af6-8e36-cc8e8727d7ac,2023-05-05,u7,1688.74
f36e70f0-2048-4065-9bff-3fe53341bd67,2023-10-03,u7,7821.91
a55c1010-7ffd-4dd2-b08e-c4c0e4c627c7,2024-12-25,u3,4687.27
00ad5124-31c6-48ec-bf9d-5010b13861d3,2023-06-20,u7,7208.48
0398b101-0133-4672-a884-b69e8de119c6,2025-07-31,u1,4623.94
f061cb07-992b-4a18-b42d-3699fa959ba5,2024-12-20,u8,2774.88
9d307437-eae7-4b4c-95f3-c21c09957baa,2024-05-06,u9,5392.12
2729a6da-cb6e-418c-9a6f-5a4c5ed76f1c,2023-03-01,u2,7968.48
950c73fb-b23f-49c1-a8f2-c786374c1388,2023-10-13,u0,4493.04
5f1b1ec8-d093-4289-b041-55ce97fb659a,2024-07-15,u0,1583.47
d6f7d145-5006-470e-a289-c555b692e9f6,2024-07-04,u4,1529.68
418584c4-4293-4f4b-95c6-d2ebe52651d2,2023-03-31,u7,1210.37
c1f52008-f4cf-47de-830d-753dd1564bcf,2026-06-19,u9,5834.32
3095b7f2-2f1e-4acd-8b4f-75853ff4318f,2025-04-04,u8,8110.89
82c48589-1a2f-44df-9664-0fa5981d48a6,2023-08-16,u1,3919.55
a26c195d-2fe7-42f1-a89d-21c35c8cb47e,2023-07-28,u1,8934.73
b64f7eb2-2cdc-49ab-b319-2af2fd202083,2023-10-23,u8,581.83
3c8edf68-c397-42b7-b0df-82afae7dd247,2026-06-04,u2,3694.27
6f340846-ae53-45f6-a52d-6f890977e553,2024-04-03,u2,3655.94
c0073ff9-668f-4b81-8d8e-99c6c9faf097,2025-05-09,u6,694.05
f4796cf5-1773-4ed3-97ef-a5d4c0ed372a,2024-11-26,u0,7641.11
e06a2666-790d-4ebe-baaa-77f72474058a,2023-04-05,u3,6389.87
d2978825-1924-4e67-bad2-3731dc66ac3e,2025-07-24,u7,1596.72
93acaf1e-cd9d-4f79-acba-db1a1f47cde4,2023-12-28,u3,5781.54
aad50ee3-5ba2-4a35-9a82-cdb2bdb8186d,2023-02-24,u1,364.28
9339892e-bc31-43a6-9e5c-4e9aae9e59f9,2026-01-13,u6,3290.06
55a458e1-8a5a-45fa-ba26-f2b351693e73,2026-05-13,u0,3659.6
2583eb7f-31cc-41f6-b5c3-e6134bdda2bf,2023-10-05,u1,869.34
da27c970-2e69-46a4-9ef0-ba75bc0a40aa,2023-02-03,u4,1186.25
0aeab245-7abb-4b15-8b70-4b5a8049a5ff,2023-08-09,u0,9087.75
9d15c567-2c8b-4d0d-a03b-2e15a7a5bd37,2025-10-07,u1,5928.35
2a8081f6-f812-413a-a0e7-2af1b1f68555,2026-04-27,u8,7187.99
42294062-9c0e-4e7a-906c-a4c33d858564,2024-02-22,u7,160.54
03d771d0-69cd-4115-bddb-232a110298fd,2024-07-30,u7,8216.95
40e3c7ab-1a0b-4755-b5d9-6784cb432036,2026-06-23,u0,1073.26
b437a488-7212-4280-a96f-0d1589144a24,2024-08-21,u0,6644.75
755765dc-e852-485a-a28f-bfc7992f64b0,2025-04-10,u8,8882.04
95545528-78f0-44a8-af60-01aba51e3db5,2023-07-17,u0,2098.66
0b2ac779-1693-4e6b-b443-1207bd94223b,2023-06-28,u2,3463.21
54e90eb5-dade-44c6-a718-625bdae10046,2026-05-27,u2,1096.4
2b383994-cc68-40ff-8372-9dceb1c7a930,2023-05-19,u0,6760.42
7d755990-6da5-44e1-9371-0247d235583d,2026-06-02,u0,1552.13
19e3b690-18f2-495e-8272-b98f8c0b16cb,2023-01-02,u4,1650.07
d40c3462-79e3-428d-aab0-3747b8cd9f08,2025-11-14,u7,7283.95
ae43b443-7aec-4ff3-a7ff-6126388bc756,2024-11-14,u0,8886.6
49b71178-1d91-43a5-8a0a-2a5e2daa1ca7,2024-12-17,u7,1226.12
f74e2d4c-e0e9-40b6-bfa4-c84702f11bea,2023-05-02,u0,6368.57
df6e944b-4408-4757-be6b-8159d44bd4a1,2023-10-20,u2,8346.02
3ffcc231-858a-451b-9cbd-af2933a823a4,2025-09-02,u9,1613.95
d5d367b4-af09-402c-a90b-68e15f12cb67,2023-04-21,u2,7282.5
499baa7b-f725-432f-87d7-2135fceb9906,2025-03-12,u2,4643.24
a3f57072-19bb-48c4-a494-afcbc968b3e5,2025-04-21,u9,1886.82
9e066e15-8dc8-4d13-8d2d-8148f637c7db,2026-04-13,u3,9797.5
ee9a7e63-2643-42cf-bb31-30f34520567f,2025-12-19,u3,6433.48
cb59963d-145f-4323-98c4-d65142c803e7,2025-09-08,u7,5070.73
7ef4dfbf-ee36-4d0b-ada2-4d6cd5ac617b,2025-03-11,u1,1423.91
e49b33f9-7ffe-4994-9850-61366667a212,2024-05-29,u9,7214.79
d6a30fbf-c7f9-401c-bc3c-f5590f708a9b,2023-03-23,u4,5272.2
b3817480-1aa2-40d0-b8d2-b2894f752773,2025-05-07,u7,3648.78
cfc26bb7-2acc-48a4-a5f4-4ce43ae1640d,2025-09-26,u4,2524.19
91dc393c-dca7-47f0-8aec-9ab8d57c3dbf,2024-07-29,u7,2487.34
504a8572-aba8-4c51-b150-c7961aa19d37,2023-04-11,u2,7198.92
48de8d3c-9463-47ff-8511-49a902fc0c84,2026-01-01,u4,5750.29
e982f946-4371-4cbb-85ea-53028bf90f90,2026-05-19,u9,3417.48
1b0f8c86-b24a-4b4f-a392-d2875ef44667,2023-10-05,u8,9567.13
664cfaf9-94d7-4853-a9c4-ec3585e6534a,2023-07-14,u1,1782.34
8047e290-dbf2-46db-8d92-8ef64dfac1af,2025-01-09,u2,8548.25
251f056b-02a4-485c-bc61-4f493298d12e,2024-11-21,u8,8973.35
4de20bfa-1fe5-46c4-b40c-494d7d0821f7,2023-08-21,u0,9622.12
2d10ca33-bf68-4043-b143-50f51e144b60,2025-01-01,u3,6329.97
6279c422-eed0-40c1-a471-ef909e49378d,2025-03-07,u2,1228.18
91510c66-b589-413b-8c6f-cff20c6bebde,2025-01-23,u8,6424.51
3848c2a0-7f60-4b0a-a17c-48fe7425b8f7,2025-01-01,u6,1126.99
8f39a7f7-1a6c-44a8-b92d-fa675cc167e9,2025-11-24,u3,5732.49
986bd5da-60a6-4d0f-9496-48f58405a1c6,2024-10-03,u3,391.12
11609b62-6caf-4935-bae1-ca70cd5d261a,2023-03-13,u2,80.08
e0e33c1b-e30f-43ce-af29-83d8d0599b65,2024-09-26,u5,2942.18
b5fa2c20-a5f3-4ac5-a9fb-8e6b50e21552,2025-10-20,u5,988.8
61cf277f-bb61-4a7c-88a1-bfeaafa918c4,2025-07-08,u9,5891.72
00207311-d972-4f60-ad72-26e445e08943,2025-04-25,u9,3329.68
75096d88-6610-454c-b8ec-1097eeb33f4a,2026-03-12,u6,2821.94
eca4c826-e09e-4289-9cd6-cbc503019389,2023-01-16,u8,8962.73
ef4a85b1-fd48-4c69-9591-dcef7771cc6a,2024-01-18,u4,6957.44
d8037879-11d7-4ef3-8db5-7ae2fe826606,2023-12-11,u9,5785.03
29e0fb42-0f24-4e54-9b36-67481088000a,2025-11-11,u4,9473.66
691fecd6-9c9e-455d-88bb-9e5b1de36712,2025-09-30,u1,3495.32
9edf3164-ebea-4e66-89ff-1723e0e61de6,2026-01-12,u9,9594.3
3f7f0991-0e7d-4d87-bbfd-0d856b0ba22e,2024-04-09,u8,4527.07
2ef4eb23-fc9a-444b-92fd-7d69d25ed455,2023-03-31,u8,7930.78
5dbd20dc-6674-4be7-b00e-51729df6dcf7,2023-11-21,u2,656.89
7710f548-a2aa-4faf-a70a-df3718f5d8c0,2025-05-13,u5,6734.26
d38700e3-c294-4df8-8be8-9993461a4ecd,2024-05-24,u2,423.8
d2f6665c-f3ed-45af-8c58-cfaf34bb9042,2025-09-04,u1,3437.97
4eaf1b3d-d15a-49ca-bad6-d594d61cbffb,2023-04-11,u3,5616.08
4d39a3fa-9ffd-4401-bc0c-92a6376f226f,2023-04-21,u0,7589.01
559dfa5a-63aa-45d4-b93e-c37f85744b89,2024-05-16,u7,8492.12
2dd789f5-03ba-4b57-8101-3bf290b6943c,2025-10-29,u4,8743.82
f9f3f6da-8b8f-425b-be0d-f863fe833680,2024-05-27,u3,1061.14
7d0e7ff0-78fa-4e4d-b4ac-df6c0c6acab8,2025-01-23,u8,3747.69
772eef46-a8f0-4c79-b03a-597c028cb6b2,2025-02-28,u5,4548.24
9e90be59-65fb-4001-82f2-63d9d7531947,2023-12-20,u8,827.45
b32f9cc1-16ad-434b-8182-b9b5cbcd9da4,2023-12-15,u1,6676.04
f6cb1d30-ab33-46b5-b207-4d94931df276,2024-06-28,u3,5570.94
53ab145b-0068-4090-b28a-0201957d11e3,2024-10-08,u3,3796.57
56c0013a-8061-41ab-870e-d6e4757a8e7d,2026-05-05,u2,4456.07
aa72bb1d-e096-4ec7-aedf-892fe03f6ba5,2024-10-10,u1,8162.32
e9596e17-d7ed-4ee6-a9ec-8ffede53923d,2025-07-14,u1,9412.84
69d1abd7-6166-40e8-8195-9b6dbcdf9b34,2025-01-31,u6,9166.33
c51bb214-489c-4224-804c-315e6d5a5f9b,2025-02-28,u0,9321.74
8e16f067-1a23-4019-8b3f-fe18f2d744ee,2024-04-04,u4,8090.83
6a75ff25-c340-4bab-ab3a-4f7fba71a477,2024-04-17,u3,2241.2
ddbd93e2-98f6-4041-9c53-733ebf1538d2,2025-09-22,u6,2349.87
461aad05-9c43-4297-91e0-77fb9890cded,2025-08-06,u3,88.01
05688e75-f4c6-48fb-a788-cf0736cf8e90,2023-08-14,u0,2961.65
a8ead420-f68b-4e78-9c91-bc9dfaa48611,2026-04-15,u9,1806.28
648bcba5-c59f-4746-ae0e-6af6f1761d68,2023-05-15,u8,2680.78
8260e701-e4e1-4c7f-811f-909ac7c30cac,2025-10-30,u3,9270.14
a9e6cf6a-fa78-4b44-9eee-abe1d9271e51,2024-06-26,u9,9137.5
af10be25-101b-4000-b09b-6f3a427f036d,2024-10-09,u8,5382.42
ca1c3934-9748-4460-a979-0939899a84ad,2023-11-03,u0,9415.89
837ba12c-a9e8-4f91-84a6-0ecd4c018f8a,2023-09-15,u4,9524.75
82f126c1-22ac-4097-913a-47ad45739700,2023-12-01,u1,2787.55
9b770686-6164-4162-b1de-a9b5b0fdd24a,2023-08-02,u8,6439.37
3f08c60a-8005-4117-9495-5ffc4d3442f9,2025-03-20,u1,691.85
33491ead-c7f2-440f-8f68-6508e6ba6e13,2025-06-11,u6,2735.2
20b7ebcd-d989-409a-9cb4-cdb71a50a846,2023-10-11,u6,8471.79
5eac9ecd-732d-4c41-88c9-0d3ab6a330d8,2025-07-14,u9,6416.67
f6e9e7b8-c9de-42a8-9e1f-9b012b879c0c,2025-05-05,u7,278.43
4ba699a2-d7d1-4837-9b2d-3c2ffee3a440,2024-07-23,u0,3638.52
30ffc2ee-17fb-4d8d-9ec8-f4615ce9d6fc,2025-02-05,u8,6457.91
2a05f388-a41e-44a3-88a6-486eb8475275,2024-11-11,u7,5837.24
a0b243c5-38ba-4b57-9919-3e180d55b6f4,2025-07-09,u4,8550.5
49718c49-2b99-47e4-b645-00b380acf857,2023-03-31,u6,9931.7
b7fb1a3e-2b55-44b2-b810-4b88eaed2ae8,2025-09-24,u5,1308.06
dfd492c5-074e-4d2d-a4df-aded51a8b6f6,2024-02-02,u3,2658.62
fc16c2a3-4fe2-44d2-9699-cb6a2ad432f5,2025-01-22,u1,65.74
acf2847b-f21e-44e6-ad2b-00204d122df6,2023-12-06,u3,5167.78
23364e9d-32c5-4cda-870a-ceb9e374e2cf,2026-01-30,u3,9746.4
31ec3eb5-eb92-47fe-89f3-87ed52a1ad6c,2024-04-01,u0,1601.55
63ecb6f5-e861-4aee-ae91-ccd5a08845df,2025-11-13,u8,5822.84
d8a1613e-513e-4958-a93b-7e2b6c7f1117,2025-11-12,u3,1612.32
e0d46aca-91f9-4cec-8860-13691db65807,2024-01-24,u3,4490.61
e32e634b-a1df-4b9e-9887-6628df772598,2026-01-15,u2,2817.34
189af26d-09c5-4588-812e-f60687f68c8d,2024-05-08,u0,5879.24
39c91bbd-8fac-44a8-add2-45a59b585242,2024-01-09,u2,444.2
4dc538a9-f267-45e8-b02a-2d9a70a44401,2024-09-25,u1,2525.64
20055ffc-69d4-4d78-9709-de82bf7e6d7f,2024-12-03,u2,2613.83
7813df14-0dea-45c0-bbef-bcbb36d245a6,2026-05-21,u7,6396.16
5e1e11a3-5206-44a2-a88d-7c6ed030b98b,2023-10-16,u8,7443.09
393fa8b4-1d59-4216-9f33-69f68376f136,2026-02-10,u7,7131.32
1abbbd7a-244c-4737-9e4c-a0882d54e61d,2023-03-22,u2,603.33
ad336eb6-a850-465a-95bf-b74be6216207,2025-07-21,u2,5054.92
4f6ee2e4-7dfb-4344-b181-626b75140900,2025-10-27,u9,9692.76
e9967d66-235f-48ab-88fd-d8c561e40742,2025-04-17,u4,8255.17
c36ee83d-3fff-43b6-bf45-97a6a5187001,2024-01-10,u6,7846.12
3a8ac4e2-8e9b-4873-9626-efc42e40791d,2023-03-29,u7,375.18
1c8fe64e-8beb-4544-b70a-f5d25364eb23,2026-03-16,u0,8785.45
0534e0a9-bc60-4744-9ad9-7ecbccf39853,2026-02-11,u3,768.12
4ee83e18-cdc4-4e02-ab69-16d581e53058,2025-08-04,u2,4677.4
489c43c1-4eed-42d5-8e5e-2a9e01b2df80,2025-10-31,u2,1579.75
b4d0c202-4acc-419c-aa2c-2bebc4dea559,2026-03-12,u6,742.6
d7190fc6-fd97-4ec4-962d-e04bea79ee92,2025-11-06,u8,6803.46
13d92ac6-70ed-4935-83bb-0f179782e21e,2023-03-01,u0,7867.48
6490deff-57a4-4a80-b15e-bf220a296623,2025-10-06,u9,9252.63
056076de-661b-4901-8675-e926e3f648b3,2024-04-26,u8,9636.53
b1621bf5-4678-4e91-81e3-b20a45ee3188,2025-12-16,u3,3766.76
8a6fe37f-8efb-4fdc-a126-fb48425a76a7,2024-04-03,u8,6458.34
f8683130-bee0-4428-8337-e00e6073ea4a,2025-12-03,u4,2481.46
a8cc2f8f-a4b3-4166-9a69-3d0bb5014127,2026-03-25,u8,9067.24
da91a320-347b-41f7-b119-165edb2a0af7,2025-02-14,u4,725.09
cd437d8c-6fcb-4519-a0f6-384360d3d463,2023-06-12,u9,9720.61
3cacef32-243f-4a52-ae7a-69dfcf563b4a,2024-09-03,u6,871.86
41cf7a44-9068-4f05-96a9-c6c03fa4db95,2024-09-03,u0,5577.94
a44ee978-8059-4460-b4d3-59d5ad759e8d,2024-03-07,u4,3101.15
6144ff97-65ad-4211-af50-ff13648a4fbd,2024-12-30,u5,9049.14
caa11c8a-751e-413a-8ffa-4c684bf44bbd,2025-11-13,u7,2086.73
fe690aa5-8b96-4d66-bcac-e1b8226e6db5,2026-03-17,u7,3443.63
a90855cb-03a7-4690-ba68-3d2bb09cbea4,2024-01-04,u6,4932.51
0db0bad6-65b2-40db-a915-33c94bff36b6,2025-06-20,u2,3226.22
0e54c553-e6d2-4c5c-9257-2ac478304a05,2023-01-02,u4,9651.21
fc315a9c-0160-4c99-9b0e-cf24f970ad9c,2024-12-06,u0,1269.85
a0d3b20b-d167-4225-b708-55dde3ef1e51,2025-12-12,u4,1878.65
0d2ee440-7e82-43a9-900c-8438a0896bc4,2024-11-29,u9,1900.12
47523903-ac64-4ea4-8df8-93f332bedf0c,2026-03-04,u0,6117.7
90f37554-33ad-4a7b-95fe-76d242e4b1bf,2023-04-18,u5,2523.02
42610fc9-9519-4f72-8c1e-8325eb63adb2,2025-02-20,u8,270.85
9fcb1fd2-584b-419c-9f99-ceeab5f022e8,2025-08-05,u3,1060.87
5008efb0-bd23-4be5-a8de-3c70d3fb587c,2024-06-21,u6,9790.95
745ea625-b6dd-46f3-8be4-b0e74bab552e,2023-10-11,u6,3693.24
6c41db70-2c11-4e8c-8c4d-254b86898cc5,2024-09-02,u9,9521.02
5f5bafe0-759d-44e2-92b9-fa3655f2dcee,2025-03-03,u7,546.05
39ac2c9a-7569-492c-9725-bccd972f0a78,2024-03-26,u6,4255.93
54288566-68b3-41c9-b3b1-393f7fb9f194,2023-01-19,u2,4691.81
40d95a26-8510-47d5-8f78-7d1fc6a5a0e5,2024-05-07,u4,8469.47
2db8a6b8-6348-4c77-be80-e3f1e9c24f14,2025-06-17,u0,7046.65
d396cdd1-f293-449e-b0a9-ef90ba2a3b84,2025-05-30,u4,7206.49
82833d13-39a8-4370-a8a2-4ba66f46d69e,2026-05-06,u4,8366.92
65178b52-86e6-4157-aeff-b73140e9a566,2023-09-07,u6,7712.66
a966061c-f2ae-4ac4-a47f-899b2e4c913d,2023-03-27,u3,149.02
a2d823b7-dcb1-42c4-ae0f-d613657655ca,2024-08-14,u8,5779.42
c2a633a4-4b7e-4d3e-b54f-d852b5ba46bc,2025-12-18,u5,4035.85
0a602643-874f-49db-9ec6-b8bde97e3693,2025-06-26,u7,8993.93
fe71233f-0cfc-4227-bca8-0e515f055fdc,2025-05-27,u9,4496.61
e7b6ea06-7dfa-473b-abc5-30ce6b9de443,2024-07-18,u5,4326.15
b5cf0858-de0b-4b7b-8ff3-5a9e693915c7,2023-01-04,u8,4982.99
f519d675-0569-4a43-a9d2-04d9deed9ac9,2024-10-28,u0,2001.66
aa6d799f-9f97-4eba-b35d-4be4fb9fdfa5,2025-06-24,u8,2324.71
b5251ab6-387e-487a-98ab-c36ca7484bf4,2025-05-12,u6,8431.43
e24ad646-c88a-4513-acf9-a95ad86311fe,2025-03-04,u3,4309.34
1e6b7bb9-2fe5-4384-83cd-4cd419eb2566,2025-12-24,u3,5715.36
d1ebdf9b-1135-41c3-a821-ff8c56001e67,2023-07-05,u7,8220.07
66152c21-cc73-4da6-bc54-75804846256c,2023-03-10,u5,4531.66
ef4f7227-8892-4aee-af4f-e3bcf5ae8f02,2025-02-25,u6,3817.33
32b87248-3153-46e3-9544-c407759d8b0e,2024-12-09,u4,1369.66
227e3b2c-0227-45a3-ad6a-41ef4faf9ea0,2023-05-11,u2,1597.66
ddb88c58-c25c-4776-b9f7-b5d24495a40c,2023-11-17,u1,7472.26
84767d1c-b183-453f-8254-3256c69ec971,2023-01-04,u6,5296.81
8b280a29-1d66-498a-866d-636eb1511cc9,2025-09-16,u0,5767.93
0622410a-6a1b-418f-bd3e-26b44ee98901,2026-06-04,u4,1777.91
406ed08e-abf5-4727-a567-5a37181c21cf,2025-02-21,u3,4105.45
3390e125-d486-4fc6-baba-4a4a91718c4f,2026-02-05,u2,2091.53
314ee7c0-9427-4e5b-9499-d550de6013ca,2024-11-13,u5,908.7
1a11b088-4620-4591-bff4-4a9a72786ef0,2024-06-14,u1,4126.2
aebe46e9-d83a-4aac-b790-b0ebab2da3ca,2025-08-13,u1,219.22
d9c7adcf-fa24-40ab-b5f4-503c397cdf19,2025-02-28,u0,9793.76
435a2ffe-f168-4fb9-83d7-d0d27558eadf,2023-11-02,u2,8315.74
184e40c3-676d-417b-9ec0-44af9d2715ef,2025-09-29,u2,6832.67
241a9833-1c91-471d-aec1-41f90e20d99a,2023-06-02,u6,7934.4
44ae4125-47de-43d0-a557-66a7382433a5,2025-05-21,u1,8393.68
a04071f0-97da-43e8-ab3e-874b76cbcaa5,2023-10-16,u0,6192.72
0f17f08d-f75b-4a27-ad04-ab2cf789f5ea,2024-02-02,u0,3986.92
3355dd37-3270-4bb1-9d57-e94df9017c39,2025-07-25,u8,4691.69
21a9f771-fdc6-43ac-b052-fee4b43f6155,2026-05-28,u3,180.92
64d35d9b-5c21-4ddb-9fdc-1d870a9ff10d,2024-12-30,u0,1715.41
28b55035-a175-40ec-9006-834937bbcb15,2025-07-01,u9,513.85
77ec0fb8-ab9f-4e11-a67d-d96c7091085a,2023-05-25,u3,2495.56
f82b1ab5-1f9b-41b6-8455-598c485f8fe8,2023-05-02,u7,5741.77
3f36a56b-7dd1-4567-8f82-89bbc8075ad6,2024-03-01,u5,6155.81
128b4679-3bdf-45e0-a9f4-cca95f2c8905,2024-01-18,u1,6432.85
7ea00a9c-9cb5-4342-9353-77c8b50409be,2024-02-16,u0,2151.98
1a3abd3b-bd13-43e2-a7cb-b9d2b8708434,2025-09-04,u6,7383.18
58b889cd-c9e0-4f5d-9b03-38ac6c69a4a8,2023-01-19,u0,3189.3
c4ee63c1-8a1e-4c49-acb4-9e51126300c8,2024-07-15,u1,1914.97
70f2e1c0-35c4-482b-bec1-29149a693d37,2026-05-12,u9,1783.12
68cb92a7-7045-4964-bb0f-bc449e73ff60,2025-05-30,u5,2814.05
3c89445e-2113-4237-8e4c-8db69d60cfe7,2024-01-12,u5,9868.81
7d5afd38-03ca-4612-a87b-05f315e5dbb1,2024-12-04,u4,4636.13
40105239-2aab-4e58-8b3e-f394bbf5c5bf,2025-10-09,u2,4570.44
b1faea29-dbf2-47af-add0-2e6ace773350,2025-09-25,u4,801.91
5e7a73a4-4be8-4c5c-b6c5-e542a72fab3a,2025-08-26,u4,4741.81
80f1ff02-4f28-431c-a0c3-d4f4cba921a0,2023-05-29,u1,7375.54
2f203834-e6e4-4449-a7dc-7522d452f916,2024-06-28,u3,7036.66
d2288afa-1d4e-465c-8ed5-03bbbf3bdccd,2025-02-24,u5,90.41
d249bd8a-4893-4a0c-a169-94ddbc8c34fa,2026-06-11,u1,1904.98
5276f0fa-4bbd-404a-990c-1faeaa862f42,2026-05-22,u5,4586.98
784f1ca0-8312-4c15-bcbd-e061c1d75564,2024-09-18,u5,7838.49
ca7af667-55e7-4308-a342-404faf773909,2025-04-28,u2,3706.42
0ba6c69c-56d1-4d2d-a444-4e4e9e57f6bd,2024-10-10,u4,6221.85
c8a1bcbd-ea39-4ddc-9897-dacc0d924178,2024-12-25,u0,3827.6
5f066359-be67-453e-bff1-2e08b6dae403,2024-02-29,u2,5748.93
17171b3c-b619-4fde-8331-19ef1d5797d9,2024-03-26,u6,1131.06
82fed2a0-d45d-47d1-8a2d-e5f80a927650,2024-05-08,u0,1104.48
4ed0e9d1-8fe6-436b-afa0-18fd0fb01844,2025-02-20,u4,3734.22
b6db47cf-3cb0-44d7-9aaf-41dcc320db07,2025-08-13,u6,6109.22
d23168fe-bcdf-4ef1-bb26-bd4302cc4856,2023-08-04,u2,9045.25
47e9b6f9-43dd-4a91-8581-9aa37a1c9ec0,2023-03-29,u8,9480.81
75947a95-fcf7-4e94-b086-9cb00f288ef9,2023-01-18,u6,6449.18
bcb66d2e-a00c-4a2e-974a-a887e7b286b6,2023-05-11,u1,9596.09
a02d4520-ab25-4402-923c-645ebc19ec12,2024-02-01,u3,3168.32
c8fecb5e-1add-422c-8c61-e7bdebf42e3f,2023-11-15,u6,2142.64
326488e1-8df9-4363-98dd-2a39f9f2231c,2025-09-05,u5,7376.83
cd77063c-05f7-4850-81bb-4aa4fb915eab,2024-02-09,u9,9623.2
caa4d6e6-6414-48ca-8be8-3e972aad075c,2026-03-16,u2,8618.84
45150d32-d4bb-49a8-a600-c7dbd3208c7c,2025-06-30,u9,2774.2
46b06cd0-35a1-497c-b3f2-ddb29173c0ce,2024-04-08,u7,8929.34
bfc01d5b-8660-4972-9e37-4ec61a757d57,2023-05-17,u4,7528.18
a373ab68-7e91-4e88-918b-df0205d5f89d,2025-05-05,u1,9513.04
098e70ee-d029-48b7-aff9-8a3feb276d92,2025-04-21,u5,2109.95
f4000e28-fa3c-4fd8-84c1-bed4b5ed1f8d,2023-10-26,u7,459.72
cb90bd06-3402-4045-9deb-ccadb04fd974,2024-11-13,u8,973.08
d0090ec8-95a4-4fae-a96d-850ade544e8d,2024-04-24,u6,5634.86
02f6a501-e278-4b0a-a6ae-4c2f2d4e5df1,2026-03-17,u8,7585.16
4b163c52-713b-4d76-9997-b3c439949e24,2024-05-03,u0,6629.48
c9a8baf7-f6be-4fb1-b88c-ffe09e5f888e,2025-06-23,u9,6035.61
0a6e8a67-3f60-4df7-89af-6b1b66c22469,2023-03-10,u9,2575.59
c9786257-dacc-410c-92fc-ceba02842bae,2026-04-22,u1,139.31
490c3d7f-be3e-4dea-901e-f2a98ad1feae,2023-10-20,u1,8078.75
c4bab753-8365-4555-90d6-ad89961f4dbb,2025-07-10,u4,5761.27
a1ab5466-2d8d-4f1a-a95c-49cefbba493e,2023-03-27,u9,7416.24
72ee3962-6f53-4c3d-b72c-0f17f6cb4eb0,2024-04-11,u7,2024.95
67c2208b-61dc-4f23-b93c-738856bc016d,2023-11-28,u0,2515.61
5c3082f2-f285-4a36-9a8c-f20c17df1b64,2025-01-30,u4,425.65
f7c1421c-6252-4c1d-8970-2b052bfc1cf2,2025-12-18,u7,5534.56
ab1d5a16-8612-4f71-a951-a7d0f6c7ff84,2024-03-07,u9,1916.61
084cce9b-6c69-43e4-96b8-1ad3a232a9c2,2024-10-04,u8,5058.36
57ee22ee-526e-477e-856b-457f71e81e5a,2026-06-26,u3,8234.87
cf4c94a2-cd4a-4402-b09d-7666db3c0c15,2025-10-13,u6,3422.43
02e325fd-3e2a-42cb-a2fb-9bf8a4b4352f,2026-06-01,u2,8289.96
d385deda-66a0-4c24-94cb-cccf95f6c323,2025-10-28,u7,2309.61
72c35a94-aa8b-403f-9093-e3584ccf8e8d,2023-02-23,u1,1797.55
88284dd4-c638-4980-96e7-1634ee844434,2026-06-30,u4,983.15
90b65fa9-0a3c-4fdb-935b-49b8e414dc52,2025-08-22,u3,5696.13
fe329ab7-55ec-47e9-88e0-cfd7c37095b8,2026-05-06,u2,22.7
38a82794-660e-47fd-993c-65d1e8e8d2e0,2025-02-25,u2,5604.23
fbd3983f-e4a7-4db6-80f9-6b117aafddb3,2024-07-02,u2,7116.17
cef252a3-916d-4530-b8e2-0e9e7a83eb1f,2026-01-23,u2,7786.93
42e8e7ae-fe96-49e3-8d50-59505123ea4c,2025-08-12,u6,1052.32
24bb9f85-3a02-446f-a04b-854cce90ea3f,2024-07-05,u5,4289.1
eab7e32c-f2a6-4c58-a7c1-3e4bbc550154,2023-04-12,u8,5678.97
5d5d158f-7b60-4967-96de-4f9eab2546fd,2023-10-24,u4,3619.53
6bd3c9b2-6534-4e04-937c-8a462e238da6,2023-02-20,u0,6532.85
358a4181-6b5c-49c3-83fb-5993c9d7ee20,2023-08-17,u6,713.81
3d7b6741-80b1-4378-9c25-9b6ec2d5297e,2025-10-06,u8,8022.55
556f8113-6fc1-4135-8fca-537b957893ec,2024-12-23,u1,8432.8
ca49749c-b13c-4f7b-a45b-8f0bd6517e19,2024-05-16,u9,9264.72
e7af5256-91d2-4681-9066-e0fdab5a558a,2024-12-31,u2,6377.8
8bfdd286-1137-48b2-acdd-d4114bb6a249,2026-01-15,u7,8119.64
291006e1-153d-4e0d-bff3-d84d47d540a6,2025-08-04,u4,722.17
cf5e99c7-0b4b-4260-a808-93de0f48e613,2023-02-10,u9,7835.54
bc5d5bd3-5165-4cd4-a54c-cc56b9f8e4e7,2024-08-15,u7,261.75
a19e09a8-1b30-4f24-a36c-0b9d9a643e23,2023-07-20,u7,6176.28
633b5c40-bef5-4eac-8782-3ccc035b163e,2023-11-08,u6,6030.36
e83bd55f-c6d3-48dc-9cdb-6badd4f7ae65,2025-03-26,u9,5617.76
eeec6d14-7870-423c-8d9e-11049accb077,2025-03-13,u4,2181.07
93498ada-cd40-42f1-9e6a-4d9dc0b58dbd,2024-10-08,u0,9978.98
ccb3058a-1d4f-4863-aa58-e9953aeacc37,2024-07-15,u8,244.87
ee4aa79f-0a4c-4665-bf20-86c05c063b91,2025-08-06,u4,4392.39
edfe7b3d-adc6-4edf-bd49-9d6adc1ef5f9,2026-04-23,u9,3503.05
f0b5da40-b163-4f60-9270-73087136b2ef,2024-04-11,u6,4010.99
2aced4dc-6e27-4c07-b8ab-239914521684,2025-07-21,u5,3163.09
0e37e12d-21c3-453c-ab3d-b235a1a81a47,2024-02-16,u0,3302.69
45be3f60-c2ed-4c1e-9d25-5375482d3f7c,2026-06-09,u5,1353.83
92cd0ce7-44ee-44cd-be03-76b9b296317a,2025-02-06,u1,6748.38
5f6f9593-b057-4904-b343-e71af3c46acf,2024-10-11,u7,3972.89
e17fd6fd-86e9-4c3c-8b90-4626927ad93a,2023-07-11,u3,4674.15
277d9587-442d-447b-824d-bc446683a5f4,2024-08-27,u2,422.97
f5289106-cc07-40ed-bec5-c547dc22a2e2,2023-02-03,u2,6793.29
dc934995-1b3b-465d-b1fa-cbe37c946615,2025-05-22,u4,6966.3
765dc151-3b4f-409d-b998-ea60dfc8ac48,2024-01-25,u9,8883.61
36a0e0ad-d9ea-4c67-aa07-7d25b118d584,2025-10-31,u1,5295.71
ef8d1d86-ff0f-4d55-bfbc-856ae8b96eca,2023-06-07,u7,7527.42
3db19362-9d87-4a2e-a2fe-1ac6db599efc,2023-03-17,u2,9794.28
e2c636ca-4a80-4944-ae05-e8fa62059635,2026-04-01,u7,1162.3
6d56e491-d5ca-4931-867a-2865eceb9ee7,2024-01-18,u0,339.41
d4914255-5ade-4ed5-aac4-d16bb3afce15,2024-12-31,u7,7892.92
123670a3-d0fc-477e-bf48-0549af746b5c,2023-12-21,u5,580.79
96420912-34d1-48bd-9d76-a41bbd99029b,2025-06-23,u6,7480.03
43d25b31-d972-4235-9dae-38d97bebd607,2025-02-21,u9,1881.93
c0b632d0-afa2-44fd-af2f-a858181f00ef,2023-05-09,u4,8101.92
952e4d6d-9dfb-4ade-8417-31550852c18f,2024-11-14,u1,127.25
e0c03672-8b12-4025-b877-9a7a9b78c7e5,2025-08-05,u7,9766.74
81ad5f50-4f01-490b-8bba-d962bc2431f5,2023-07-03,u7,5451.64
bd5db5b0-f4a9-4a32-a3f4-4a16ea31a436,2023-06-28,u9,6739.4
af73de73-3220-46fe-8c36-8dac41910b0c,2023-01-02,u1,8494.62
c0960738-376f-43d9-b6fa-e085ea1662f8,2025-09-26,u6,2200.68
607e7fe2-082d-40ea-9173-e1c3f6015ae7,2024-01-16,u1,6677.66
76f78815-de2a-4833-9a39-e70ad812d179,2024-10-23,u1,9725.79
b4b86a8c-1fff-4339-8818-bbe6cb538288,2023-01-10,u2,540.86
e0cdf64f-df08-4a6d-b754-effc0de5cd2d,2026-04-13,u2,6848.78
1fd95e43-f909-4a4f-856c-298b577701cc,2026-06-11,u1,3614.32
f34bafc0-da9b-4c7b-9db6-f5e756cbb9db,2025-09-17,u6,2156.83
f542b7ca-54af-4219-aea0-1cd45ed672ae,2026-02-20,u4,6451.23
c03c77a9-929d-4d7b-97b1-fca17786689c,2023-01-18,u6,4589.02
e523c04d-2236-422d-b9b0-078a5c519880,2023-11-15,u5,6197.49
8c9b4133-0dfe-46f6-ae7b-0bd8d5947828,2025-09-04,u5,6489.28
95249ea4-7c0d-4381-a02a-4118be7d3377,2025-06-26,u4,7465.62
88004a00-55d2-4c6b-97fa-75f1685c99e7,2023-02-21,u3,1907.32
eaf1b9d0-9a74-469e-a428-d79cde9e01d0,2026-02-03,u0,5718.99
d7d09f73-22c1-4787-8e12-304e714e35fc,2023-05-01,u7,4420.79
eb418767-9641-4078-8a96-308f6c00d03d,2026-01-26,u1,260.22
c8b1c80c-3bd2-4bd7-aa83-abebd704ede5,2025-02-27,u9,9141.76
e1c31cfd-055c-4cc2-8ef9-74df3f3775f1,2024-07-09,u5,302.32
0ba44c57-fdad-4018-b077-50b7a9bc00af,2024-10-24,u9,4113.03
3807598c-2189-426f-98d8-1ef5e973dc0b,2025-06-16,u0,9744.51
b236b8b0-b549-4514-bc8d-ac43c3792e18,2025-04-09,u1,1516.03
463ff355-6cfe-4122-8e34-2b1e87268d9d,2023-10-24,u3,3736.73
da47340d-e3bb-4f19-a533-e9951e160169,2025-04-08,u0,3796.05
a70a9d81-4eb7-4990-91da-abf5b4167333,2023-07-10,u4,3034.05
c19b1df3-af17-482e-890d-42d34e6bf6a1,2025-02-07,u4,8206.46
d22986a9-ac85-4d68-a238-ffb7b9b951de,2023-11-03,u9,7150.16
4588d316-d3fa-4ac3-9cb5-6d6996fba898,2025-01-08,u2,6696.98
efb4c422-5e88-44aa-8cf6-af9c37852439,2024-01-11,u7,3148.35
3c779275-9b21-4df9-b83a-ca94931557e0,2023-05-19,u3,9858.0
498aaf51-9bb3-4bf0-bbcd-8d9ed7ef8e50,2024-06-05,u7,2973.23
a98f1c6a-3b08-4079-9dec-0940143d451b,2025-05-19,u7,1359.06
b0d71f2a-0d8c-4254-a3bc-5c7ca8401a8b,2024-03-19,u5,4540.72
0cd799dc-34b3-4b6e-8d12-14d9c729721e,2023-11-20,u2,400.24
b82da659-3736-4dcf-9db3-778642c84368,2023-11-17,u4,9681.66
2a6a560a-2e03-4962-806b-9261f8b46ea7,2024-03-20,u5,351.04
8427a40a-8ed5-4977-b17f-6404c26db72b,2024-04-29,u3,7976.09
7ce6cdb4-306b-4326-b08c-ddcb7e001cd0,2026-01-29,u5,6805.47
0a0003e3-4a29-4259-98b0-4e38d8cbd86d,2026-04-08,u3,5656.78
40f20727-a7a0-4c7c-9f82-fb016963c497,2023-12-26,u2,922.5
a5b04490-2167-4fa8-aae1-50a7d158884d,2023-05-03,u9,5859.68
be02e7b9-794e-4e1a-be49-3f67d261a720,2025-02-21,u1,3199.21
65d4f4c5-53c4-4244-b506-6db40e405cf3,2026-04-02,u1,5791.09
fd8f3c1a-5ed6-4a8d-9827-1b8931ea7bf9,2026-05-28,u9,3000.37
6e25442e-6982-4a0d-b26c-d4c034db8358,2024-07-19,u9,4708.35
105d98b9-fda1-485f-b5b8-7e56244e1f71,2025-11-19,u8,1274.83
a15e9ad0-2313-47a8-bd36-ec694a6adf34,2024-07-03,u8,1367.32
478e39bf-5d77-4f51-87ff-62320c6f96bd,2024-11-25,u4,8439.27
d8f9f3c5-d4bf-40ec-ac80-025a24925215,2025-08-21,u0,2639.77
ffc4e198-6451-4d97-9a20-436ee0a0f012,2025-07-14,u8,6366.35
63c95ed1-e451-427f-87f4-2d2e3989c4d8,2025-12-29,u3,8719.95
b7fa713e-3229-442f-aef8-954a1d4167e6,2023-01-13,u3,2672.1
795fd914-3150-453f-b0fb-049d94f9915f,2026-03-17,u8,5316.73
afa3f3fb-f332-43df-85ea-85039f6ec8b7,2024-04-05,u5,6711.33
2086b85e-80a3-4ed6-9738-76c8d697d418,2023-11-10,u8,6303.77
d02091be-37a0-4346-9851-e47af3db970b,2023-07-18,u3,7978.03
574f235d-32cd-4355-9060-0b6bf0016cce,2025-05-12,u6,2158.97
ce726ac1-338f-4a72-bce4-a23b13891121,2025-07-31,u2,6905.43
6185088c-a23f-4917-9590-3033e12c7e99,2023-11-08,u8,1673.81
03134676-3baf-4549-8bb2-55168177522b,2025-06-09,u8,572.57
f0c3832c-a343-49b9-bfbd-1c6a09323dad,2026-02-19,u7,272.65
7c3658a5-bbf1-4ff8-8c8f-e8b844ba6b78,2023-04-03,u9,1897.58
160e9a2d-164e-4154-80f0-33786a8e34f5,2024-11-28,u7,8461.9
6263b39d-bbe8-49a2-aae7-649088e7479f,2026-06-10,u8,1321.54
28e9e51e-38de-4e31-9c82-37596dffaa0f,2026-03-26,u0,3514.66
ec182af4-8d28-4ec6-9be2-56a57941f89a,2024-04-22,u7,8783.15
d3134554-e6e0-4c61-a92a-7306a9638db4,2024-12-09,u2,1686.73
b93e6dd2-a911-4c51-b447-f6f4602050ef,2025-05-27,u2,824.58
3557fdfd-5b10-4368-a0eb-0b6c08b8a0fd,2025-08-28,u1,6651.91
4174058c-3f9d-48aa-943e-bbf67ef9f29c,2026-04-03,u4,3255.79
8200f8b8-5305-4603-bfd1-bc58aab220a9,2025-05-29,u6,8064.14
2ecdd6b3-7f2b-4404-bc67-c634457a7b0a,2023-12-19,u5,3114.39
de2ad3e9-43c3-40bd-8f06-8c27ed594674,2025-12-04,u6,5105.08
bd50bc69-e025-4a01-9d5e-b2bb6faccd6e,2023-12-05,u6,9110.79
55e25b42-033a-4613-9979-2d62aaea6423,2026-03-31,u4,1738.32
e3a2044c-1fe9-40ec-8f1f-ea070cbb7e76,2023-12-11,u5,81.83
c68768f3-87e2-4bad-aae2-85ca57316c8f,2025-12-16,u6,5478.18
6acd1599-5a2b-486d-8c3a-4d684d4e1b0c,2025-02-28,u0,9818.58
e7e0c4ea-6684-483f-ab71-a5a6cf33af69,2025-05-02,u2,8170.91
af009c4b-a51e-4806-87f3-b061b73183f6,2024-10-28,u2,1133.78
2ec1ebba-10ca-4baa-831d-2930833c0820,2024-11-26,u5,2748.94
98689acb-3c38-4c7c-a64e-f0379f04b8c5,2024-08-06,u7,9298.73
86fd4729-9b5f-413f-a5f5-8ae6b66fab4e,2024-06-10,u5,8292.19
396d699d-01ff-4d91-975b-bf0054626aa9,2025-06-20,u4,5795.95
e003889b-5149-4148-8d9c-6a4a6dbe031a,2023-06-06,u5,7527.14
86a09b13-0c85-49d0-a27f-6d37637b6b2e,2024-12-17,u3,5324.47
be5a2020-ca01-4ca9-bbef-a2e93e5bab07,2025-01-29,u8,9585.55
9120206b-0a74-43c0-b394-ef8524db3d31,2024-08-27,u9,8145.14
b76e200a-6a6b-4899-80c5-4f0ba2dc4891,2023-07-21,u9,3368.76
e9d6c867-b859-4b72-895f-7869acca00e2,2025-04-04,u5,859.64
ba57f72d-9d4a-4cb1-9493-985174ff1e68,2025-04-08,u1,5341.53
cfc61bf5-6ec6-4dfc-89e7-0316735e88a6,2023-03-29,u9,7187.93
45726dd8-43d5-4351-bfc3-5a583624b5a6,2023-02-15,u2,3900.82
bbf080f0-6284-4cc3-ba79-a6ce302f239e,2025-02-14,u7,8300.58
88f18dcb-5671-4545-bb1b-2a6ba8d052cf,2023-12-25,u6,722.15
137aaafa-b1d3-4585-9ce9-395fc8cc4961,2024-04-19,u6,2155.34
587bce6c-454e-4115-98e1-6b1b7607fbc5,2024-12-27,u2,5352.69
a886ffac-03f7-40ac-a5c0-f4097b04f18b,2024-08-06,u1,1949.08
0cc53ad0-ebd9-49c9-9f63-921b5fccb751,2025-02-11,u1,2050.94
64b6ccb6-089c-4cf4-962d-a745a9891b0a,2026-03-26,u3,8730.04
89d0ac8e-f3e0-40ef-98aa-ac9cb7ebbd69,2023-05-31,u8,7084.84
a7af05c8-c4bb-4ee7-a746-2cc1241ad358,2023-03-23,u0,7949.38
c296b58b-1995-41de-b128-3b6f8fd45fdc,2023-09-04,u6,2016.18
e9ab1157-d401-4bdb-b230-9a14f48dd0c8,2023-11-29,u9,1409.45
6b08274e-f975-410c-a7a1-c931206bdcca,2023-05-29,u8,1688.94
1f701090-24b8-40bb-909e-8bcab1a91909,2024-01-04,u7,6244.66
f19b4080-ac25-4641-9a1b-3db15b0bc997,2025-01-01,u3,9649.62
98e480a1-43a6-4548-bc7d-cfb1cd0b9d0a,2023-05-03,u2,6329.56
bff4165b-f912-4882-9328-1a1f5c0c77ea,2026-01-29,u7,5747.29
6d43fd6d-612b-4409-b0be-73ce094731f6,2025-02-10,u2,409.76
b524e98d-684c-4bda-b915-b09085351c08,2025-08-26,u7,4830.66
bfdef44a-a470-4d13-af88-838458efe2be,2025-08-22,u1,3985.82
f3db5a4a-a0af-4e60-a2b0-9df05f27bd6a,2024-07-18,u8,8632.8
272d36ec-7494-4120-a1ec-6d5ff0e866fa,2025-10-23,u4,9074.05
a4fa3f50-7405-4005-bab8-ebd053c17e02,2024-03-29,u9,7808.75
25edcce9-7a35-48c8-b43e-a01b69408143,2025-01-09,u1,6909.42
fbf5a21b-989a-4307-89d6-04fdff56643f,2023-12-06,u6,5529.7
c1bce81f-b980-4159-b3b0-6835784d4cd5,2023-11-01,u9,6555.47
e27eed50-4158-45f5-8fad-5d2c80c18640,2024-09-03,u6,283.44
0deebd67-f26a-414a-8e05-bf6c7efedbc8,2025-07-21,u5,2952.57
3c3e9680-90ff-4315-8539-4384e4a7e913,2024-06-21,u8,5415.05
6a6e7e74-56f2-4cd1-b78a-635eaeceaa49,2025-12-15,u6,6217.77
ca179495-8891-46a1-b507-e6a6ff5542a8,2025-01-09,u4,5324.3
aa01d7ae-5c3c-474e-a26c-11dc478c3abe,2023-11-24,u1,2756.93
09c50b3c-36fb-4658-b8d4-2835d421880d,2025-01-27,u8,5865.26
b30ef1e8-2f81-46fc-9461-e8820eb29385,2026-03-12,u2,2397.23
c9372ae1-9e5a-4f7f-85b2-899a63aef048,2025-05-21,u4,5488.72
53a61b80-a143-403b-9ee9-0ef11dcc1837,2023-09-18,u7,7621.95
84f1301e-fbfd-410e-abb3-68bf4d60ff73,2025-02-12,u4,574.6
991debd7-f3fb-488a-b9ed-86fd9044ebf0,2025-09-11,u2,3298.74
4dc0f8a7-ed43-48cd-a95b-dbac4a2de219,2024-10-17,u3,9004.72
60937d1b-2f38-496c-b2ed-9c9bdc189fc9,2023-09-25,u5,8601.63
1eb41591-3909-4dca-9210-79077c1c46fd,2025-12-30,u8,6114.33
a0e7c1ff-45c6-4d50-a783-7440c56c39ec,2024-01-31,u1,2198.03
ce555016-82ad-4a0c-a677-6e6671cf8d8c,2024-01-17,u5,285.04
61a7c27d-236e-4884-8565-f0bd2d5751b6,2025-10-22,u3,5532.14
5f05a28e-e821-4450-8c23-321b0807b617,2025-08-19,u8,6153.31
868f3602-eb1c-4244-ba51-41f481e8c1ba,2024-09-06,u1,2014.73
90704ad4-fd9e-40dc-a275-8c7d9a3e8b36,2025-05-15,u8,4668.64
0718ef41-b02a-41b7-bc6a-1dce1c82c273,2023-04-04,u5,2272.61
203e0854-a1e4-417e-bb62-44bf047c54e3,2025-01-29,u2,4427.63
0223b58c-e294-4a72-b62d-79e491f71702,2023-12-12,u5,7963.85
0d7cb4cf-299f-47d6-ab8f-e2d2c2f73548,2023-06-29,u5,4752.3
f89a4147-4b95-4487-8461-c7ac71fc9091,2024-06-26,u9,9420.3
2e026c55-4b39-4841-9dc6-bc126dba641f,2024-12-10,u0,2205.75
82b7d288-7ca3-4fdb-a9ae-c420bcd13673,2025-09-25,u2,6049.8
6cec4b06-7fb2-43a6-ae6c-744686a45f85,2024-12-03,u9,1783.02
5dd5f363-9257-4047-bec0-84bf183e8c4e,2025-01-01,u5,4031.16
214499f4-e77f-4d17-97da-5f20b7ecaa1b,2024-05-10,u3,966.14
b75fd4b3-dc45-489e-8019-89373cfe459e,2025-09-17,u4,1863.24
7295b739-bf56-4bab-bdc8-5b3c91d023e9,2024-05-16,u4,1768.01
2500a288-7747-4dfb-bb11-0ed4938c80d8,2023-01-30,u7,5400.7
6ab8e284-5a5a-4ed7-8225-6e1ddb564095,2026-06-15,u0,4263.58
3539741e-27b1-4a30-a1bc-0bfdeff0e911,2025-10-10,u3,7654.98
c72a6207-750d-4fc7-ab0f-0ed826788942,2025-03-20,u5,4486.59
74cb221d-b834-4413-a878-d9ed1cf874b9,2023-01-03,u8,275.06
56a3f3b2-19b9-450d-8d90-9cd2804c30c4,2024-12-27,u7,7670.39
4cc3ae35-23d0-40dc-8be3-01b62dd00b9c,2025-09-25,u6,8104.78
d042ee92-360e-48bf-9543-81e46aafe314,2024-12-31,u5,5561.74
ed5f9d92-62fb-47f3-9303-c7546efe5fe4,2024-08-19,u8,2882.57
79bef5a0-ac30-4b81-9b1c-e1f90a9c4ac2,2025-06-27,u9,1726.6
11158703-a3b9-4a12-b0b9-cbdcc3a64a5e,2023-10-10,u1,4411.52
d24a0b7d-1d6c-41e2-b9c3-14550030dc1c,2023-07-21,u8,8285.89
1cf312bb-6b13-4a09-9c6c-ab6bfef95bd2,2025-10-17,u6,5251.87
a398a162-a617-44d2-bba8-d0f05db46948,2023-11-22,u0,9590.66
1b346b1e-b7fb-467a-99da-c53062ab748c,2025-10-28,u3,1553.05
3e0e9be1-dacc-42bf-8391-c210c1d8b9de,2023-02-03,u4,605.7
d04e3f34-5fd6-4fea-8768-07eaccf5ba97,2024-04-08,u1,8184.83
0db572bd-9ffa-4b50-a80a-20edd0e3e03e,2023-06-09,u3,3484.38
eb2b60eb-f90b-4321-a914-4c20b62e0007,2026-02-12,u7,2164.03
9fd6f1ba-8927-44a9-8adb-5d01869bae83,2023-02-15,u9,3254.43
a47bcc26-4af5-4f99-a155-8299f4d01ed6,2024-06-19,u1,2838.76
50429d65-333f-4103-b058-35f8b1ef34c2,2025-01-27,u3,1325.49
ed2a5eb6-10f7-4b62-9783-eda4cfcef399,2026-04-06,u2,5920.51
d2b46a75-834d-4f60-91b4-6d00ae147c7d,2026-05-08,u1,4086.91
bcfe2b6b-6a28-4bba-8a78-56e5e26d387a,2026-02-24,u3,4417.4
ce640705-87f2-4599-8806-f20aa1e1363e,2025-01-07,u1,4109.0
f55fb8d8-9cbe-4e1c-9726-2f74f6adf127,2025-05-07,u2,383.95
400a30b6-2035-4e35-8dbd-2433e107b6ea,2023-04-27,u6,1779.85
0fd2f602-a110-4021-92ea-c73f9a8a82f5,2025-09-30,u4,2281.46
33820c03-7515-40f5-897b-98a17ab3c3fc,2025-10-03,u2,3199.12
defd6cb2-b753-4461-9e46-9a71cbe8f8c7,2025-10-01,u3,4934.92
45415271-e207-4c81-87af-5affd1b1d31b,2024-08-14,u0,609.8
d888c594-f2f7-45c8-ba38-dc43493769f7,2025-05-27,u2,5195.53
58a3003d-8f23-476b-9717-c9677af10cc4,2023-02-01,u6,7127.13
97bed9c0-ad33-4edb-abb3-bcb0f2e5e844,2024-05-23,u1,6102.28
746fa83f-a42c-4e22-8363-59a2980a81e3,2025-07-18,u2,3006.45
4afa1f4c-a06a-4275-a26c-f91fdaab9229,2024-01-08,u5,3544.22
be46f6c0-41d4-4022-befd-a34b42f682b7,2023-12-29,u2,6404.52
3aaf231d-d31b-464e-be0a-8cff293e9f2e,2023-11-16,u3,3040.01
ef8a3f2d-c000-4b04-bb33-8e6bb7fda3ff,2026-05-13,u3,7997.01
af2ee3bf-62ad-418f-b6a2-c625a4fafc70,2023-04-06,u8,9487.59
1c5bda4e-fd4e-4fd3-a894-c691bd8c7f7e,2023-08-16,u1,8614.81
1a8d41b0-721b-408d-9778-4bef671d2298,2025-10-01,u5,3406.54
4cdd5149-107f-4fe1-93cc-876948df79c9,2025-10-23,u5,1740.96
4798e25a-e10c-4d3d-84e5-852d5def04a6,2026-03-06,u2,4906.17
d22fa10e-6496-4038-adc7-2cec7d464f5a,2023-09-05,u6,6401.42
0eeceb87-969a-4785-a6c6-de4791bbe01a,2026-06-19,u6,9826.96
345e022f-667e-4b7e-84e2-98326c5e4582,2023-12-18,u0,5633.44
d995499b-3d8b-4ad8-a70e-f7d134f6fc81,2025-08-18,u3,9774.95
bc8cbe4a-3e61-4617-be23-3ae67ae1fe34,2026-05-06,u3,657.03
8af78f02-c443-4e5a-90cf-a4c2810d62b5,2024-01-04,u1,1637.25
29da8c3c-0c23-4eb1-b6fd-a937bdf636cc,2026-04-16,u4,6182.89
19c45dd3-7f3d-4600-a685-6752e7d7040c,2026-03-25,u4,112.34
79ce4930-fb28-44cd-9ee4-80f5d94380bd,2025-10-24,u3,4215.09
b2ce61c2-c2d7-4646-9994-d0e818828f6d,2026-03-30,u6,9487.87
767992f8-320b-4fff-af01-26daf9645869,2024-05-21,u5,5859.84
cfba19aa-4a4a-4385-ab53-a452ef6c1600,2026-03-09,u6,911.91
382c478d-f08a-42d6-a488-1be50ecd1a5b,2026-04-09,u2,1468.85
eef8d179-10e9-4f3c-a523-f12c6e09106c,2023-01-26,u1,7427.54
bbf472f7-eab3-4077-bf9c-8a86d079bf6f,2026-06-29,u9,9957.97
4fc7707f-5ea2-400e-8fa7-7464545cf021,2023-04-20,u5,3297.84
89ced20d-7229-4f6b-ba33-725a4a4fe450,2025-02-18,u3,5261.64
4adf6858-bd66-4a1f-ae66-b5d6108bcd9b,2026-06-12,u5,2769.5
9dd5e6ed-1cee-4df1-b36d-ddc650909d79,2023-10-20,u5,5803.84
2f562558-700c-4d81-9bc3-bb2926161419,2023-09-25,u5,6782.29
6bff5fe7-0596-49de-9f83-93171a9d2401,2024-05-13,u1,2751.51
89d12c58-ea71-4cc7-9cd3-d49d33e183d6,2025-10-10,u7,3232.0
0de3abc1-5a33-49a3-8e34-0ee0db50df96,2025-06-04,u7,705.85
88e1b5d7-5958-4ad0-ac86-aa3a0ca5d49e,2025-10-08,u7,4768.16
f1564e7a-31f3-496b-899f-590f4895c084,2026-04-28,u0,4696.29
a08c5006-6655-4f26-b0dd-f221de182165,2024-08-30,u9,467.89
9cfea596-276d-4801-b5cd-6cf51930d16b,2023-03-20,u5,8059.53
34167265-7ca7-4eaa-8567-af0ebde43cfd,2026-03-02,u4,6791.99
55be4a51-92f1-422a-9aeb-95f35ecc026a,2025-08-01,u8,7601.81
81dd7cd7-f964-46fc-bac1-3248fb126301,2023-05-09,u7,8136.32
761da02e-c733-4202-975b-6f849f0b1466,2025-02-06,u8,14.39
3959ae0b-5877-4ad8-9139-3de933dc79e4,2024-04-26,u1,5341.25
81d55f2b-f534-49ab-8653-0419358bbbd8,2023-05-15,u3,8462.68
9c54fb0b-4714-47df-b616-002edc7873cc,2025-10-10,u8,4140.19
23dbcd97-6848-45eb-abb4-2e28ff39577a,2023-07-05,u9,4549.57
3714ac5b-3e91-409a-8733-0c0d9019ed13,2025-04-29,u4,6455.89
da39c90a-1561-49a0-a9aa-8d61f732d1a1,2023-06-07,u8,5316.46
389e56a7-d9a6-4a94-9727-95a49a934f0e,2024-11-15,u0,8445.46
f5281f0d-80f6-4a72-8d3a-e5c3c90f44b9,2025-04-11,u3,6874.37
a28f8fb3-80b1-4cf5-a614-6d9fcc208782,2024-09-09,u8,11.36
337ccfe2-37ad-421c-b6c7-a903898bb4bb,2026-03-25,u3,6607.49
f713e6d3-f169-4529-914d-5dab8a60af2e,2023-12-27,u0,602.99
fdebf24c-3275-4ba0-8086-bbfeaae6b273,2023-03-17,u6,6493.93
a9a7d3a3-48d5-4cec-abbb-033dc7195744,2026-06-04,u1,7146.7
b80688bf-1e88-47e0-b1eb-63dcdebef543,2026-02-23,u4,7171.82
5c2071c9-5a50-4011-9094-96effbce45ff,2024-12-20,u1,8983.36
42e91ea2-9e94-4f7e-bd66-8d1a60a5d98a,2025-06-06,u5,7937.46
49d2b7cb-289f-46e8-91fe-a44d15fb8a20,2024-01-16,u9,1836.18
5dea3942-2c3c-4a0f-9fcb-e1e8ecc1677c,2025-07-02,u7,424.77
0298f658-1636-4212-8140-7c519a695d19,2023-04-04,u8,1820.76
06e3c359-5cfe-45d7-a323-bd180936e5a7,2026-02-25,u0,904.88
20eb010b-9b27-46de-8b34-a1452153f403,2024-02-06,u1,1394.08
c810fc95-dd39-4886-aa9c-bb40f9626f8e,2026-01-08,u8,2170.15
d23a5583-f5ff-466c-9d16-b939e42e0701,2023-02-01,u2,4176.41
5423de9d-3d74-490c-ace7-16464c38edbb,2023-05-31,u1,9142.45
b4e7e43e-4cb4-43fa-8e89-e55d034808d3,2025-04-08,u1,5601.42
1e0c5a59-dc77-4014-8449-ba5c0f56c450,2023-01-18,u4,2896.47
86acd21d-ca6d-484d-ad9d-f6835f756fd0,2023-08-04,u9,6585.42
7aea1902-18e3-4484-9fa8-3d0b6005cbfa,2025-08-05,u9,4935.15
05004606-32db-4e40-9f87-c261d109f903,2025-12-08,u7,8620.36
4d67f75d-daa8-4340-90de-6284e21bf325,2024-04-22,u6,8664.25
1dc778b4-eb27-4fa2-bda3-f2ed201fd436,2024-01-09,u9,6109.24
b05fc1da-46b6-4493-9c0a-961f5ac9b957,2025-11-07,u0,1609.66
9d8e93ab-1834-4967-a5d1-6f873cd54657,2026-01-08,u0,4842.57
99caefe3-a305-4525-a74d-d95518bb26ad,2024-05-02,u6,3845.09
fef6611f-36fd-4dda-8ec4-c2814dff3bcf,2026-05-06,u6,2037.88
80c22329-95ed-467b-8c95-e754b392fc61,2024-07-02,u8,7120.06
b04b1e7e-7bb6-42e5-9882-62464319147a,2024-08-12,u1,1994.89
3570e404-f0a4-4db5-a92f-6f3ac19132a9,2024-12-06,u2,4935.11
bb18d44f-2218-4bd2-8d99-fa502884e933,2023-06-30,u2,1596.26
0ef3dcb8-0901-4351-a8b2-f42e98ee526f,2023-03-28,u5,8646.54
6d9604a1-94c3-48ca-8ebb-722e95b9019d,2026-01-20,u2,7324.57
ea7a9611-abbb-470b-b1c2-e206da76de89,2023-05-29,u0,4554.69
7f621f14-c409-4388-b366-015b755986d5,2024-12-27,u0,3861.06
d2832239-5b89-4531-9238-481ffe703d32,2023-10-16,u6,5689.86
78cc4176-dad3-4457-8a75-e924a238c827,2024-01-01,u5,1235.67
a7926376-d9cf-4d76-8a99-40d6eeca1ea0,2025-04-08,u0,5062.55
05fb94df-8689-4ae7-8231-d4cd6dd23f5f,2026-05-11,u4,3393.5
1c816889-5a44-4f58-8659-0a01e48e8c4a,2025-06-12,u3,9203.27
54100e9e-c119-41fe-bf34-594e46dc5796,2024-05-20,u1,9995.66
689f2d0b-8e38-4623-8585-9f44b5b0c303,2024-12-30,u8,3048.07
09ed2491-058a-4b08-9dd5-e28562426f8c,2023-08-24,u2,8715.79
128f8e90-c630-4c1c-b65c-241ddc4be4f1,2024-08-23,u9,2404.14
7584f216-222e-4e9d-8c70-653607d7d225,2024-05-14,u7,5779.3
d4f4a0c5-f6d4-431c-99b5-7e263816b6ca,2024-01-04,u1,5384.26
bd335789-b5b8-4456-b821-c79bd858dc58,2025-03-11,u5,9758.79
978c97e1-27b4-4e9d-83e0-d320d2db96a8,2024-01-12,u4,7346.63
a0eed522-d173-43fa-8424-5c9fd45f3233,2025-08-05,u4,6249.5
8e85d54c-6c4b-4349-88ce-189418b3210f,2024-07-25,u2,6226.42
c6851b77-407b-4453-bfd6-09f889d06b5e,2024-01-02,u7,7197.29
20d9b9b8-ac50-49ca-b5c7-486ea738ad1d,2023-11-14,u4,2118.21
3e020c33-ecec-45dd-af49-d5be93d55179,2025-03-18,u2,3846.42
7690ee5e-055f-475c-8f94-ed09140f74dc,2024-05-06,u0,6564.56
0123fbb6-bfbd-40e5-b5a8-6bce5c593838,2026-05-06,u4,6284.41
e46bbcc2-19ce-4907-8311-d257fed2e2a3,2023-11-14,u2,8686.89
0cd62665-1683-4ddc-9779-ef4620bb98ef,2023-10-03,u1,4401.87
17e8505f-362e-4700-bfde-a23e0bc2a556,2023-10-24,u1,8471.67
3bc326cb-8afb-4492-9a55-6ca0fd846f87,2023-11-22,u0,6547.72
d6a4c476-3366-4776-b171-22bca86ef4fe,2023-07-11,u7,2108.41
25f17760-175d-48e1-af29-ced2039edc83,2024-12-20,u1,6608.18
eb3797b2-f29d-4c42-b8e1-852b856c6e1e,2025-05-27,u6,5958.28
55eae04b-aa54-407d-8b0d-f382fe391f4b,2025-03-07,u4,2662.2
e98a696d-921f-4014-80cf-7012c5e38213,2024-11-26,u8,3070.86
9d45df8f-8a79-4317-b16d-bffff1eb8939,2023-07-05,u2,3843.51
f80fcc1c-cee8-4c35-aa94-1bfc5cdfeb45,2023-03-27,u2,1290.83
e0dea611-e07f-42d2-9733-83c67412f836,2023-06-07,u0,4483.33
ba641835-c53d-45c2-b06f-a956a5884226,2023-04-04,u9,6394.61
4a174b18-cffc-4b86-ae53-9d0002fef653,2024-07-05,u9,5737.33
3cbcb6b1-4ffb-476d-a03f-3105f399c177,2023-03-29,u3,5826.41
e1582205-4fca-4551-9547-089e1fd10520,2023-02-07,u8,1337.33
77407452-f4ac-4c32-88e2-71d5f13e5b83,2024-04-19,u9,4696.62
68165f71-4931-447d-adf7-b4cee479bff9,2024-04-09,u5,6378.81
842124da-5b49-4fc0-8633-0924552da338,2024-11-15,u8,5291.81
7a714926-6467-4883-9d2a-3c913dfe8f65,2026-03-17,u4,9673.14
d634a25c-e0a5-486d-89c9-76b0efc0202f,2025-03-11,u5,6516.12
2f3d2c2a-14f7-4a94-aa2c-105c43d74849,2025-09-04,u9,6959.55
61ee31ab-0c9f-4dfc-96c1-4e3632d2af49,2024-01-01,u2,1310.52
d1265635-d637-4d3b-b3bf-43e6629a1e92,2026-03-17,u6,8167.16
a802f1ce-0e70-475a-a06a-963a58d35de2,2025-04-25,u8,8447.76
c1833b30-0ffd-4a93-95a7-b2485de08f77,2023-01-04,u3,2984.52
ff719eb1-5754-4e8c-be67-d119e92e8c27,2025-06-09,u3,6527.61
9981aee0-ecdd-4a16-90ac-0936d0125bdf,2025-01-30,u7,1249.08
7acc48f5-48fb-4883-911c-329de81a3b05,2023-11-17,u9,8321.09
87e387a6-c485-42da-ba78-36d18f90080e,2023-05-09,u6,7233.99
185f4278-1d4e-4fcf-bfd0-1d5cf8d7a0c7,2025-05-27,u4,7007.11
64846964-9a01-49c3-815e-6a303747c3b6,2024-12-20,u0,9233.3
f09cedf4-e41c-44c5-8d53-7d7799447776,2023-05-11,u6,9535.2
64e95465-c0ad-458d-b465-7c49440612d1,2024-10-28,u3,4673.96
8c0864f1-38fc-45d4-b843-a4885fdd6bba,2024-09-03,u0,825.97
6a55d6da-ca20-4e4f-97f0-d96011e69e31,2024-11-21,u1,313.22
037b81dc-0316-4fe2-9ca9-6c8d72db2199,2025-10-03,u5,9476.4
62e221ca-b5b7-4f4b-9311-dfb51dc6c252,2026-03-17,u1,2994.76
9f52a41b-5b1b-4822-9222-73545f3ce213,2025-09-16,u8,8860.17
f42f4b80-cc34-4bfc-a89d-e67dd6050811,2023-07-21,u3,7649.24
311dff6d-502a-45b6-9757-86fd8ccad731,2024-04-03,u4,49.65
bc114b76-7039-4238-a697-58c424ae6b9b,2023-11-21,u0,7577.1
7dcfc5e5-aac3-495a-ab8b-54a2153ad440,2024-04-22,u4,8061.27
c17b4a8c-ae72-4fa3-9d5b-b53bc6079237,2025-10-27,u6,4669.89
335ac3fd-b0d2-4c92-8b40-7ae3afaa495b,2024-05-20,u4,4229.9
4a7e1c3b-0f94-48fa-96d2-6e7b83b3576f,2023-03-01,u3,3982.73
31617ed1-40d1-43dd-8211-117f6aa45912,2025-11-06,u9,3794.0
8c1b6c41-322b-4542-a804-2abaf6aa4e00,2025-05-05,u5,3466.58
cc538b57-d886-440f-8479-9a0b6cb451ee,2024-04-29,u4,5647.34
7d4910e8-91d5-4708-a3f8-4e27f7787e54,2023-04-20,u4,5938.78
569dc125-c14b-494a-bb38-f31d60d2fa25,2026-04-10,u2,1522.76
2841b10f-3ef3-4bd2-9701-85b3b54bcb3e,2023-03-31,u3,7832.47
d60a2724-94d6-4b09-bf84-75a87c406f3d,2026-04-06,u4,5599.73
9437bb78-c27a-46d7-870e-ac3188275aa5,2023-10-03,u3,9883.31
4082bac4-7d69-42e4-bf59-aaa4ceeb30f7,2024-02-29,u2,1443.88
2e454944-7c5e-48a6-8260-c3db441552a7,2025-09-02,u0,3398.65
5191cfe0-782c-42f9-86f2-0d2ffb3b0547,2024-08-27,u5,608.22
bb6d632c-a0cb-4199-bc07-3ae96bcfbbef,2024-04-11,u8,1283.83
57308c5f-d4b2-4907-a597-a10eabd7e446,2025-02-27,u8,6202.65
182476c8-0cdf-4eaa-832c-17992eb8019c,2025-01-21,u9,4342.56
586efee8-7a4b-4f25-b65a-ef048da0c09d,2023-08-09,u0,6584.02
a78f0bb3-f32e-44b1-86ab-8525b15e24a3,2023-10-24,u2,2132.83
5768bc96-d76d-4e5b-847c-0ce6a5db22cb,2023-03-23,u5,6787.96
012521bf-ece1-409b-9b21-13ded6c57752,2023-10-03,u0,7790.86
309fadda-3e7f-4fe2-b8a4-07633deee6c7,2025-05-27,u2,7134.29
012be66a-e9fe-4cd0-80e5-a97fc0a693b8,2023-10-23,u7,5486.97
b2e8bfd2-d2f9-4486-baa8-bd6f8ca09621,2025-03-11,u6,6465.5
d70e26ef-117b-4c4f-8932-8c72adc9b71c,2025-02-11,u6,4736.41
58432bb6-2949-48e6-a19e-68c589e7ac48,2023-10-17,u2,7749.63
b3105b60-f993-46dd-83c2-be99fd845814,2024-04-22,u8,7217.64
e3465c6a-ff82-454f-933c-ea8e442a9254,2025-05-19,u2,9367.78
03c3f5c5-63cc-4fdf-8472-91e0e98fec7f,2023-03-10,u0,162.85
65bf5558-c2ad-423f-abbd-2804d9f4662a,2023-08-16,u2,9194.02
9f522546-8075-4fa0-a7e4-190141801025,2025-04-10,u5,9623.78
47197513-2d6c-4f67-a04d-323e16c9036d,2024-07-30,u8,4855.61
6b07e77e-e419-4d6a-9521-d496cf025ce9,2024-05-16,u8,5584.8
f782e1b8-422b-4ae1-990f-252cac4ad9bb,2025-12-15,u7,4209.83
8f5aed7e-c1eb-45e2-b56e-10411e1bdb91,2024-06-21,u6,9026.72
1260fd2e-c367-4c0c-95b2-599d38f7b7d4,2023-11-15,u6,3198.55
565866d5-664a-4f67-be7e-61d6b93220f4,2024-09-09,u7,6630.38
af725b19-2f5f-4fc5-a36a-2911789dd196,2024-07-02,u3,4768.18
28041cbb-e19a-4cdd-b26a-c175e0316c19,2026-02-24,u2,9238.88
6bdc90df-2777-47b8-ac38-464a35b09b84,2023-08-04,u4,3942.17
327d5d69-f6ed-4ef2-b1e1-e21d05c4f10d,2025-05-07,u9,3263.68
092c8095-6a0e-46e1-a686-ea51ae086755,2024-12-03,u4,8723.84
645851cd-7a40-45e1-ad8f-fbeb04b5ff76,2023-08-16,u3,6367.63
03442cf5-842f-464a-8c54-7da2b421c4b1,2026-06-04,u7,3860.1
e0d4e992-cc0a-4412-bd0e-6eec4294113e,2025-07-21,u9,4502.7
2e8914d2-b74c-496a-8f8b-1dda1653e67a,2025-04-09,u3,4831.55
1a1109fd-8dd2-4ef8-9326-8d81b851fecf,2023-08-24,u7,5285.76
74299c04-eced-402e-9bc4-62aaab79d7e9,2025-01-01,u7,2666.12
e61d889f-636c-4c84-ab65-02110ea9ccda,2024-11-15,u9,1717.47
67989829-1663-4239-9285-f72bf372b5af,2025-03-11,u3,8562.39
22126ea8-3997-4c08-b386-53d49f93e651,2026-01-13,u3,6689.86
eb40e843-d9a4-437b-b58f-1337bb136e23,2024-12-12,u6,5068.06
cdcf1e14-e13f-427b-b966-338ff7d60f52,2025-12-17,u9,8077.24
ad052342-3dd5-4e1e-acdf-6a5a411dabf2,2025-03-18,u4,2421.81
de689014-242e-4614-9b82-675df8d9e14e,2025-02-25,u5,9947.89
44bd0c14-d8c4-4c11-97eb-941ecf3e2404,2025-10-23,u8,7691.98
4280365c-c025-4132-a26d-07f32708bf2e,2024-12-16,u1,6973.77
153cd667-2907-4917-8d63-b8218d811130,2023-10-11,u9,2633.75
0a84b0bc-9d75-4a7d-baed-ac58fdfc214f,2025-10-09,u8,6920.83
637789e7-de2b-4011-8fd3-4f6aa8692619,2025-06-24,u5,6211.58
b1b8be40-7fa0-44c3-9aa9-a27ecd0ba653,2025-01-09,u8,7858.82
bd46e13d-d86e-488a-b10d-10998b8a3192,2023-02-23,u3,5940.0
54c6e5e7-2e33-4767-8bc5-9c10d47c9dd0,2024-08-06,u7,5875.84
bd09f6d5-6f9e-4efc-bfa3-26f5f7a9beda,2024-09-13,u5,7300.92
3f7f7767-0cb9-4415-ad18-75d013108c08,2024-10-23,u3,959.11
58c19bfb-d902-4978-83f6-9f1d3a47552f,2025-02-25,u7,1074.46
2fd6d278-b468-4d6e-87cc-13d77c377a95,2023-12-18,u9,3944.03
a8bc18cc-e340-4251-aa82-17d58a82c2ea,2023-03-10,u1,5421.28
d264f222-2391-4c44-9beb-eab8e5457e17,2023-12-27,u2,1155.75
8f8eb4fa-4da8-472f-b41c-b980d6e8dfa7,2024-08-15,u0,1894.6
bcc34f11-ef20-45ca-8cdb-92c627776c35,2024-04-01,u0,683.15
558e8497-e86e-4861-b316-82d20171dcbb,2026-01-08,u7,2105.42
cb8f5878-bd12-4fa3-8cfa-fbf4f7ae0688,2023-04-20,u2,1373.8
992e8e47-8ed4-4d48-8f63-d0fb02b28cc7,2024-11-14,u1,1882.45
a2372529-362a-4987-98ef-1d3aa4f59103,2024-01-31,u6,6283.36
ef3ae754-87e5-44f8-876a-53c8aa1dd436,2025-10-09,u1,2616.16
315804cf-f38e-4d69-807f-bb48893b8fbd,2025-08-26,u6,2183.81
aa7a64db-5d3a-47f1-aa74-4b8791b2b239,2023-10-23,u2,184.18
0ce954bf-0b81-4dc8-a496-2a01a9c20778,2023-10-11,u0,1974.35
e96c2abb-11b8-4400-801e-6776bd4dbc76,2023-05-03,u7,4764.16
21e5608f-cf8e-4414-a66f-06f2661fa6ab,2026-06-15,u7,3637.36
678b4d9e-f04d-4572-87eb-ae43aa65dcb4,2025-11-13,u2,7313.32
c1d6c74d-46f2-47df-9cbd-36f7bf979077,2026-05-05,u2,1630.87
e62cf51b-e536-4205-8af3-c5b43e768db8,2023-07-10,u2,5505.52
55076920-51b2-4542-8bfb-8a10f1d9f298,2024-02-16,u5,2602.39
fdd9f9a6-b204-4976-b97c-174be0728f56,2023-05-17,u5,9131.12
3bf01c55-b775-492f-a18f-aa725ef8cb93,2025-06-17,u7,1499.44
02339013-77a4-434b-84ac-9f9f879d93cd,2026-02-12,u5,7656.11
e31de0ea-dee6-4e03-a652-5f683dbdb28d,2024-11-13,u0,1873.08
6c49cfcd-1cea-480f-9273-947fdb5e8735,2023-08-16,u5,1118.9
8a596ea3-5310-4dc3-946b-18dc6a4fb7d7,2025-12-29,u0,5792.51
bf76986f-8e9e-43ae-a298-9f931dd045e0,2025-10-09,u6,1388.18
9d35328d-6c9a-4a1d-a398-7366d36ceeb9,2025-10-28,u2,17.26
6e86a9cf-5fc2-4a2d-8441-1f8e0a006ec8,2026-05-13,u5,595.8
35ed434c-071f-4b19-ab05-54ebe2db4a02,2023-05-11,u0,2610.76
4ef789fa-115e-473a-a997-ae2cf049a094,2025-09-02,u7,134.01
bbce2865-5a8e-47df-aad7-0eadd69b6edb,2023-10-11,u2,7214.43
5b5f10e8-6053-4cdf-8e1b-3802340fbb85,2023-06-30,u4,9305.89
64aef093-bff0-482a-ad02-1a39f95e6180,2023-12-25,u1,8113.75
55fdf1b7-1bfc-46e6-8b1b-cf0cf2f60fcd,2025-10-13,u2,9780.11
fbf09df4-f1ee-44ab-9430-75066c8b4c1c,2024-07-19,u6,1564.01
026e1364-e245-4065-8c10-2aa7983c81ca,2024-03-07,u3,9334.54
1cdd8da1-3b5b-4aed-83d1-fa9c78be52fd,2024-03-20,u2,4599.9
f5573c6f-04d7-4cd4-b593-81d48f71c85e,2023-05-29,u2,6810.55
fa5cd6ea-2469-48aa-927f-383c8514481d,2025-07-02,u4,8947.38
88cf238c-a219-4819-88ca-744425d4cf3f,2025-10-10,u2,4676.67
3fd01ab8-0431-4695-97a8-a55d3f16c385,2023-12-20,u2,7626.74
b7ecec70-3414-410f-95af-c43adf976343,2024-04-19,u8,1351.11
637944f4-c28d-4f65-b070-d68f7e540df4,2023-02-03,u8,6079.89
3d9b9874-284b-46e7-abb7-c79d95262b53,2024-08-06,u9,3427.34
0dbb4cf3-d627-444b-8ec7-a8ddef8aada4,2025-12-03,u2,715.37
bd0e8d91-cefb-499f-b3d4-055ba18599e9,2025-08-22,u0,1920.98
76e3f338-a5f2-4cfc-a1dd-8e38aae3e4e6,2023-03-27,u2,2332.36
beb3f4a1-bb15-458e-b028-77d187c67b8c,2026-01-12,u3,1319.81
643cf15c-2368-41d1-ad75-fadf1845d965,2024-02-29,u0,460.41
a27f6636-9192-479b-920f-799e61b21297,2023-05-03,u5,3508.82
d6e4c188-44ca-4cc8-aed0-bdd0b4d39539,2024-03-26,u4,3643.81
8759b6f4-ebce-4e4e-a734-d02c0afef887,2025-07-02,u3,7419.43
3af020ba-9fa2-467f-bb55-5a932f64449d,2024-07-18,u7,4684.21
4517409f-d1ae-44b7-a435-301a2759ec2e,2025-01-30,u1,8747.38
7a10141b-1f99-4976-b3cc-f1a59ff9eaa7,2026-05-28,u2,27.27
032fd271-4327-4a3e-9ad7-84eafa642263,2023-07-17,u4,806.87
19952d21-594d-4539-b0a7-8a68aa9d4d18,2025-05-02,u3,6694.66
6233bc68-1eec-4103-830e-69543c6f8af6,2023-04-11,u7,5124.38
920c5a40-48b3-4612-bafe-e861bfa77722,2025-01-07,u1,3035.62
ca2a811f-8108-4be0-9e02-699bf8491fbf,2025-07-02,u6,2598.72
be67e585-8f4a-4277-a231-80ee82667942,2024-09-13,u8,6956.95
3b8a2eb0-d812-4836-a827-846ef6ae2718,2025-06-09,u8,3901.66
28ca8ff0-7644-4328-9a19-422bb8601d3d,2024-10-08,u2,4003.38
78be6bfc-2873-444d-9c49-d9366448cb98,2023-08-14,u0,1709.39
919c2bb5-7aa2-4ca4-8067-675e99c21777,2025-01-17,u0,4904.76
e01479b6-ff5f-4d4c-b64c-0538c2686b87,2023-01-02,u7,7003.13
25589967-26af-4c5b-ad4c-18f0de11c1b0,2025-09-05,u1,3456.09
c83e6974-5db0-4d27-883e-0a13733639aa,2025-04-08,u8,6217.34
ded5914e-c789-49f4-ba98-f6c67b3edc94,2025-05-05,u0,8913.85
1e4afc53-6a71-4317-ad18-1d68658e077c,2026-02-12,u0,1246.46
17ec24b8-0d66-405d-abaa-8b8cf5a1bcb0,2024-04-26,u6,4280.86
4e07a4fd-95fc-4238-8c6f-0ed420f188ea,2026-04-06,u3,6781.33
5bfa2e79-0f27-425a-872d-ac443c0829fb,2025-12-09,u5,7116.97
a09af431-6e80-4c50-b844-5f61738e440b,2025-08-22,u3,5431.19
695fec43-2aa3-4f2c-a9e0-294115aadf6d,2024-11-20,u8,6435.49
95af281a-3af6-47e4-9820-c7655c7177ab,2023-03-01,u7,7909.11
8f1bef19-e6ab-4f41-8af2-e8a787167ab1,2023-03-17,u9,7694.59
16ec467f-5a1c-4edd-8fdc-32b145cf392a,2025-05-27,u8,7322.68
2d803bf4-df21-456a-aca7-0d8b9ca89ba6,2024-05-24,u4,8517.87
270ba412-138d-4d3c-998c-a9e4ce0e868d,2026-06-30,u2,4458.45
0461abaf-92bd-4832-9b12-437657579930,2023-05-03,u0,6542.88
9b5ff7ae-1e90-4305-ad9f-14508c8b470d,2023-01-19,u9,8238.13
db0a5919-57ee-4ad7-b4ce-375179bfadf9,2025-11-19,u2,741.64
3ab5f45b-7576-4af9-81f9-d84107812175,2023-12-01,u9,7835.27
bfa11db0-0bf7-414b-a7f2-9c9d53712d8c,2025-01-23,u8,1238.73
87d67539-6749-4907-be67-d74757274696,2026-05-19,u7,1233.58
3dd00d47-5e70-49e2-a9cd-b55bd7b6509d,2023-02-01,u2,3066.81
7c487338-eed7-4ebd-abb4-d475fcbaa751,2026-04-13,u8,8316.03
2969cdac-957b-4055-8b28-5ca9562db095,2025-06-20,u8,5044.4
dcb5e8c4-9be5-4f1e-89a7-649ce6c4313a,2025-10-23,u7,9268.94
fdf55bb0-894c-435c-b19b-7c50bc88fb52,2025-10-01,u4,3933.97
cff70a41-67d6-420f-90fd-5795442d93d9,2024-02-29,u1,603.74
453297df-59bb-419e-88df-bbd94a5b47b1,2023-05-01,u5,358.93
6e8878d7-054a-4738-834a-a535fd7b2248,2023-03-27,u1,2349.95
c4059897-8f25-4d58-aa89-cbf897fb5d5e,2026-04-08,u2,2204.84
7fe1dc3b-fa31-4f1b-b429-c8e21b697948,2023-12-06,u4,9872.67
99a662ab-f561-4997-91d5-f53a1101a4a6,2026-05-18,u8,3717.98
cbd13a22-3e40-4cff-bffa-b427face459a,2024-11-11,u0,5989.95
eeaee082-73f2-4141-9e2d-33ace3ddffbd,2024-04-08,u0,8504.78
86374478-bbf0-420c-817a-5530bb909264,2023-12-28,u9,7732.74
999ed32d-d843-438e-bad8-c681841cf086,2024-12-20,u5,5140.96
2b84fb5f-6312-4045-8e6e-930476608f82,2023-12-01,u3,1940.16
ba63be47-8786-4b6c-938d-eb76f8c657dc,2025-02-12,u1,6449.94
a0bd9f70-6d3b-4780-8fc7-a469deaea84f,2026-06-29,u6,9278.86
e398e54e-34a5-4b67-b08c-115095829d03,2024-10-24,u6,6238.05
bd6bf796-2e80-44e7-b7b9-ea2f468e8060,2024-05-20,u0,2174.5
01f872eb-0670-4686-aa59-037220658c8b,2023-01-10,u8,4528.45
83e43354-6ef6-47af-ab87-cdcd47e8af01,2024-09-13,u1,1851.47
1ae2460d-264c-4781-91df-caa70499de8e,2024-05-08,u3,240.75
c12e97e0-5bdf-426c-ab09-d1fd13932fb9,2023-05-19,u7,5717.14
15abdf45-06b7-4514-9233-5fcef5f56246,2026-01-01,u7,9756.5
15c3d23f-ba3e-4f12-b3f2-046847570628,2025-05-15,u7,958.54
f1255802-d199-4648-b51e-bcb5c28dda02,2025-12-03,u6,1709.42
50f82b81-1e1f-48e1-9fb0-0572a69c23a9,2026-02-10,u9,4842.9
471f54b1-574d-41b6-97ce-c8fbb5b2d194,2024-12-30,u2,9018.63
5e5290bb-b439-400c-9169-c4721e160dd2,2023-02-03,u9,9422.96
82db4f4d-e097-4ce6-8c9b-18535e82fa9b,2025-02-18,u6,9833.71
0e47be91-d5bb-4fc9-96b0-2a9bf1301f58,2024-10-24,u4,7375.01
77f1df81-377b-45e0-a4bb-7657d2aeb13b,2024-11-14,u6,9187.81
e5c58001-8e3d-40a6-979f-480076ec5d14,2024-06-28,u6,8278.85
b6e9a766-81f7-4b5f-89f0-a2ba347c2e14,2026-04-01,u2,5507.83
553add58-d62c-4427-bfb9-436c669d6519,2024-04-17,u3,88.59
f9ce0975-ade4-4ae6-84da-c8c49c2124c5,2023-03-31,u6,7264.33
af831ad3-5dec-47f1-b749-dc0a5eb62b0a,2025-08-11,u2,2394.45
35ebc65d-9b1f-4de7-9ea2-579224fb8554,2026-02-10,u9,2662.05
22f50ded-e9c2-4aef-8d61-25b77752c791,2024-06-21,u7,1192.22
9396624d-0f7f-4c3b-b819-e84f20ff6421,2025-05-30,u4,2744.92
2006b53a-9ea8-49c9-9c50-c8ecbf485947,2023-06-28,u3,4636.17
57f84075-2dfb-4688-9fb8-f37b1e4dbf5e,2023-10-05,u2,8761.05
6c9527d5-18bd-48a2-a09e-030df4f97d19,2026-04-15,u0,3230.14
e5b45db2-8c8d-4772-8785-5124b0d1a807,2026-04-27,u9,9573.35
05d19a36-dbe6-4dd9-817d-393e62a48f30,2026-03-25,u7,6275.64
08c09670-53f4-473e-918e-e70f5f41c34d,2026-05-18,u0,8456.08
f4fa8142-cc19-4dab-b809-959975feba9a,2023-01-19,u4,7654.42
5beb4e2f-5266-4a40-a3c2-673cfb02f1b9,2024-08-27,u5,9523.65
0940b37a-e610-4759-85cd-f2e5a5d615b9,2026-02-11,u2,3973.85
7249be4e-5bb3-4fee-9470-0814dbac700a,2025-11-11,u5,5698.72
c54689b9-c31c-4aaa-b59a-2e3a63832ed3,2023-04-05,u9,2232.07
279676f1-cebf-41e6-86cd-9f70363ae61e,2024-10-10,u6,9489.27
5398b3d6-20f4-4319-b91d-45d5fa9a328b,2024-08-06,u7,5280.51
e1cf163e-733c-482f-925e-fca7168d7fb1,2024-04-09,u2,1804.2
1c7342ee-1369-4afb-a376-c9e3605cb2cd,2024-10-18,u2,2895.48
347bff5a-8d7c-48bf-8ec6-68248ff451c4,2023-06-06,u4,5525.6
792687bf-d392-4cfd-b71d-f2334a4409f1,2025-07-31,u2,915.89
72776d4b-92ef-4b76-b34b-698ae254f132,2024-05-16,u6,5498.75
1ab5b311-ff8c-4342-ba59-94f4e74c7cd8,2025-04-10,u5,7562.3
b0b4e966-8ddc-45bd-974d-8655d7bb0479,2025-06-16,u4,8950.65
765fccf1-08dd-4d32-b21a-7c3eee60a363,2024-12-03,u2,5798.46
11f94c7d-cd56-4040-920c-c2402ac25fdb,2023-02-07,u6,4157.04
2a3e165f-921b-4225-8085-b2e154cef9c8,2023-12-26,u1,186.35
f675d573-e9b5-4f6f-9b22-9295d1945827,2025-09-26,u2,2685.45
561eb5ef-2ca6-4fca-9dfd-d60afbf53cb5,2024-10-08,u9,7888.53
b515cff2-6dd7-4bf5-b647-24a386697495,2025-01-27,u7,5468.48
2f0119f4-8da0-48ad-ba3b-dbb5581a4f43,2023-03-31,u8,5786.21
0ae1b16f-d8d6-4fbf-8e67-e8f4a6b798fa,2024-06-26,u8,8176.6
b07f2bf4-db3e-4c86-b195-afe5c238acfd,2025-11-06,u6,7537.55
bfcf99fe-9dd4-4e7b-bd97-edd83fc26a54,2026-04-02,u9,5939.62
2b396aae-e9af-4a90-89ce-6eaf5b1bb17b,2025-03-03,u4,8872.07
890ca84a-4830-4720-9e46-f5ead47f067d,2025-01-01,u6,4470.05
810a2ed3-64ac-4bb6-b9b3-138ea87b2283,2026-04-08,u2,8227.62
056d65e0-679c-4361-875e-0f6d5733a0c9,2025-09-29,u3,2827.85
d384a29f-5ba6-4b44-9e56-5fcc0271156f,2026-06-26,u2,869.6
face6a6d-b1ba-49a2-bd27-792b9ba22d07,2024-01-09,u3,4456.89
b5ecef33-7a81-4deb-b93c-7b4cdc0d1583,2024-11-20,u1,2296.4
313c76d7-4f1b-4d09-b9e2-0b32716b0c2a,2025-12-29,u5,8138.81
f4ae957f-7b6e-4960-a2a1-525d3a6febdd,2026-03-17,u3,6023.02
f5e729c0-af3c-47c7-a08e-73eec68a85e0,2023-01-16,u7,5978.39
f473d182-9823-409f-b211-6797987e9128,2023-02-15,u1,5346.93
da765fe2-0026-4589-92e2-4187c5547d92,2025-06-30,u8,978.74
d93749ce-a33a-4d82-a1f1-5a51d7ef0624,2023-07-11,u5,2972.83
3879c4b6-4891-4dbb-9a42-a601feaac379,2024-02-29,u8,2872.89
